;1980;1985;1986;1987;1988;1989;1990;1991;1992;1993;1994;1995;1996;1997;1998;1999;2000;2001;2002;2003;2004;2005;2006;2007;2008;2009;2010;2011;2012;2013
D01 Ain;263;306;321;332;342;349;353;358;368;372;379;377;366;364;368;375;377;379;380;372;377;379;383;386;385;387;384;388;396;390
D02 Aisne;319;412;421;431;437;441;447;454;446;443;450;449;452;449;445;436;439;433;430;423;416;409;410;406;401;398;395;387;381;366
D03 Allier;280;330;341;340;345;354;359;360;360;361;359;360;354;354;342;340;338;338;333;334;329;330;322;316;314;257;261;262;259;257
D04 Alpes-de-Haute-Provence;111;132;131;141;146;147;153;159;158;160;164;164;159;164;154;157;154;152;154;160;158;150;154;148;153;157;157;156;156;157
D05 Hautes-Alpes;112;142;145;153;153;149;153;154;160;164;164;167;167;166;164;166;168;161;164;156;151;150;153;159;159;160;161;159;156;155
D06 Alpes-Maritimes;944;1090;1135;1168;1204;1235;1250;1277;1278;1271;1262;1272;1267;1229;1220;1233;1247;1250;1213;1235;1229;1225;1209;1204;1209;1213;1209;1203;1201;1194
D07 Ardèche;211;243;243;250;242;245;258;257;259;260;263;267;270;270;271;276;273;262;263;267;253;254;248;247;245;247;247;241;240;244
D08 Ardennes;191;223;226;234;243;242;247;254;254;254;258;260;264;256;260;262;264;263;262;264;266;262;262;255;259;258;256;256;252;239
D09 Ariège;147;147;149;148;149;152;154;151;152;153;154;148;153;152;150;151;148;148;146;147;147;144;143;142;146;143;151;148;148;146
D10 Aube;178;205;215;216;215;219;226;233;230;229;229;226;227;228;232;231;232;227;221;222;228;226;221;216;215;216;220;218;215;214
D11 Aude;287;324;326;334;331;327;343;348;350;352;350;360;366;362;362;360;366;363;370;370;375;377;373;370;367;353;350;351;349;344
D12 Aveyron;216;221;230;234;244;248;257;257;257;260;260;261;263;261;263;260;260;262;262;256;250;248;243;245;245;245;237;235;233;228
D13 Bouches-du-Rhône;1596;1984;1989;2039;2106;2174;2210;2236;2272;2288;2307;2298;2297;2263;2267;2238;2255;2277;2259;2263;2273;2287;2287;2307;2313;2319;2311;2260;2206;2196
D14 Calvados;396;488;510;515;521;527;548;558;567;573;580;585;591;594;611;613;620;612;616;608;616;624;603;605;605;602;613;613;607;607
D15 Cantal;114;139;139;142;143;143;144;144;149;149;150;149;150;145;144;136;136;134;136;135;134;133;129;131;133;134;133;135;136;129
D16 Charente;288;279;290;301;299;305;299;298;301;298;289;288;292;289;292;289;288;290;290;284;280;284;285;283;281;278;274;257;264;268
D17 Charente-Maritime;397;457;466;475;485;489;503;509;524;541;557;555;572;568;574;563;571;580;575;575;590;588;593;606;612;592;596;590;598;593
D18 Cher;199;238;239;240;239;247;246;247;240;241;242;241;247;244;244;240;238;234;232;225;225;225;229;229;226;218;212;206;201;207
D19 Corrèze;210;238;244;254;254;257;260;263;266;275;278;271;268;266;262;259;256;255;255;255;254;248;188;187;186;186;185;181;179;178
D21 Côte-d'Or;302;344;358;363;382;387;408;411;420;424;443;445;453;448;452;455;457;461;467;459;456;459;469;472;475;452;446;444;448;447
D22 Côtes-d'Armor;382;428;439;457;456;462;471;475;476;481;488;498;503;495;503;504;502;500;497;491;487;486;486;491;488;489;491;485;487;481
D23 Creuse;119;138;144;147;147;147;148;147;145;150;150;149;149;151;148;148;144;143;141;135;135;129;133;129;122;118;117;116;115;109
D24 Dordogne;319;361;364;354;362;367;374;373;375;377;374;372;373;371;372;367;370;369;380;374;375;376;373;369;362;357;354;341;332;334
D25 Doubs;306;375;384;401;400;409;418;428;436;443;450;450;464;465;469;473;472;474;479;477;474;478;472;466;474;482;481;478;482;485
D26 Drôme;302;353;359;363;379;394;403;406;413;396;394;397;397;398;397;399;406;412;418;414;412;414;423;419;420;425;428;413;415;418
D27 Eure;295;351;358;364;383;388;399;408;414;415;418;417;421;423;421;416;411;409;402;404;398;399;399;404;399;400;395;392;392;391
D28 Eure-et-Loir;228;295;300;303;303;309;322;330;334;345;343;354;326;321;322;321;318;310;308;300;297;295;297;293;285;284;285;282;279;280
D29 Finistère;557;666;674;664;693;713;722;721;739;748;756;760;768;778;787;799;811;811;811;806;806;806;793;802;805;803;809;792;780;778
D2A Corse-du-Sud; ; ; ; ; ; ; ; ; ; ; ; ;132;131;138;141;139;140;137;143;139;141;143;134;135;133;128;126;131;133
D2B Haute-Corse; ; ; ; ; ; ; ; ; ; ; ; ;150;146;148;142;144;147;142;140;142;141;142;142;147;149;145;144;145;143
D30 Gard;446;529;545;579;591;614;629;647;655;665;673;669;674;674;678;681;681;682;687;676;672;665;662;664;666;661;655;642;639;634
D31 Haute-Garonne;845;994;997;1022;1072;1108;1142;1193;1209;1240;1218;1221;1239;1230;1239;1254;1260;1288;1297;1290;1306;1312;1223;1231;1261;1259;1265;1265;1257;1258
D32 Gers;155;176;178;172;181;191;192;193;199;203;202;200;200;202;199;189;187;186;188;189;186;186;184;176;175;174;173;171;168;170
D33 Gironde;969;1096;1130;1155;1177;1197;1222;1240;1258;1264;1277;1294;1308;1318;1328;1343;1356;1380;1406;1397;1412;1413;1434;1450;1471;1477;1479;1468;1461;1479
D34 Hérault;749;851;875;906;941;979;999;1033;1052;1057;1072;1094;1111;1109;1106;1105;1121;1142;1149;1159;1164;1180;1161;1160;1170;1178;1174;1165;1165;1175
D35 Ille-et-Vilaine;497;594;619;643;646;662;675;686;707;711;725;736;747;742;740;742;755;760;766;779;776;774;781;795;794;804;817;812;814;807
D36 Indre;168;194;199;202;206;209;213;210;213;212;210;208;213;214;206;207;202;202;197;194;191;188;186;183;180;178;171;173;172;169
D37 Indre-et-Loire;350;408;406;410;422;433;438;444;455;460;472;481;484;486;484;489;492;497;487;480;483;474;486;490;501;502;504;507;505;510
D38 Isère;736;845;864;904;959;993;1037;1067;1059;1063;1080;1090;1103;1099;1099;1090;1091;1092;1095;1095;1110;1111;980;980;1001;977;993;1002;992;1007
D39 Jura;177;205;207;211;217;223;225;230;229;231;231;233;234;233;238;240;240;244;242;240;243;249;251;249;243;239;231;235;228;227
D40 Landes;231;256;259;265;277;293;290;294;316;318;323;314;330;337;333;356;355;357;359;358;363;362;364;372;372;374;372;377;368;379
D41 Loir-et-Cher;220;261;271;268;270;276;279;285;290;292;297;294;294;299;301;296;295;292;289;283;282;259;261;256;259;254;251;248;243;242
D42 Loire;452;507;515;536;554;551;567;574;584;591;595;613;627;621;636;640;653;655;640;631;627;624;611;613;627;624;612;608;608;619
D43 Haute-Loire;149;171;166;169;178;181;188;191;197;197;199;197;196;198;195;198;204;205;203;203;200;199;188;192;191;190;189;189;186;179
D44 Loire-Atlantique;643;780;805;831;865;869;891;894;900;914;929;948;959;964;979;976;989;1003;999;1004;1008;1017;1024;1027;1033;1054;1057;1059;1071;1085
D45 Loiret;341;418;430;443;461;480;482;484;483;498;502;508;500;495;490;476;484;477;476;472;469;473;469;472;470;467;462;464;452;447
D46 Lot;135;139;139;138;141;148;152;151;151;152;152;155;155;151;149;151;151;147;150;146;146;145;146;148;149;149;151;151;150;144
D47 Lot-et-Garonne;226;258;263;266;268;276;280;282;282;280;284;286;287;288;291;285;285;278;274;270;271;274;273;265;265;256;251;251;241;240
D48 Lozère;64;68;70;71;77;74;77;75;72;75;73;73;72;73;75;74;73;75;77;72;69;66;64;63;56;56;56;58;60;60
D49 Maine-et-Loire;424;506;519;528;543;551;564;570;576;586;591;593;600;608;614;623;629;643;645;646;645;656;659;669;668;678;673;667;682;682
D50 Manche;304;360;375;387;385;371;371;375;377;378;383;392;398;397;397;389;384;378;374;372;371;373;376;373;378;373;375;369;365;358
D51 Marne;351;404;413;420;429;433;431;439;446;453;458;461;465;473;477;470;477;476;477;472;485;492;492;497;499;486;489;481;478;481
D52 Haute-Marne;141;168;173;180;179;183;182;180;180;178;177;176;174;168;156;155;157;154;159;156;156;153;151;151;149;147;139;133;137;140
D53 Mayenne;175;204;203;205;206;209;212;213;216;213;215;219;218;219;218;216;216;216;215;212;211;209;207;207;206;205;203;208;206;208
D54 Meurthe-et-Moselle;446;540;548;570;599;616;636;647;655;660;661;666;668;664;670;681;681;688;687;686;688;691;699;697;696;679;668;661;669;664
D55 Meuse;127;143;144;147;152;159;158;163;164;165;166;166;164;158;159;157;160;159;157;154;155;156;157;159;156;154;147;150;155;155
D56 Morbihan;416;479;473;494;514;531;548;551;559;563;573;571;585;584;585;598;601;607;615;613;619;622;628;628;644;633;628;623;631;636
D57 Moselle;578;656;684;728;778;809;832;837;843;845;854;873;874;872;876;878;885;881;880;887;892;885;889;890;894;889;885;874;862;841
D58 Nièvre;170;185;188;193;199;198;196;198;199;198;201;200;204;202;196;198;196;193;186;188;181;176;175;171;168;169;165;159;152;155
D59 Nord;1698;2079;2176;2234;2300;2349;2417;2475;2515;2544;2572;2567;2550;2546;2554;2549;2545;2571;2545;2526;2542;2539;2471;2483;2467;2472;2444;2405;2382;2366
D60 Oise;416;455;473;477;487;506;529;537;540;548;547;560;562;568;561;558;564;571;559;555;559;559;550;558;551;550;551;543;531;521
D61 Orne;181;227;235;232;245;250;258;257;234;239;239;234;237;238;228;230;227;224;221;214;219;216;213;211;208;204;203;203;198;201
D62 Pas-de-Calais;853;1010;1030;1065;1097;1140;1146;1177;1202;1215;1222;1239;1259;1263;1282;1300;1312;1315;1315;1326;1335;1329;1327;1316;1306;1286;1277;1252;1235;1228
D63 Puy-de-Dôme;420;470;468;481;485;489;499;512;520;522;527;534;537;537;545;549;551;558;553;560;555;561;553;554;564;571;563;561;565;556
D64 Pyrénées-Atlantiques;479;539;547;551;573;573;594;595;585;590;609;631;619;621;621;618;633;628;631;638;633;644;640;650;648;642;640;642;641;651
D65 Hautes-Pyrénées;192;249;259;269;272;257;254;255;252;257;264;266;264;258;263;259;256;257;255;253;253;251;256;257;252;242;236;227;232;236
D66 Pyrénées-Orientales;339;411;383;400;419;428;435;451;461;472;462;462;470;464;466;467;478;490;493;492;502;505;504;509;517;514;504;502;508;507
D67 Bas-Rhin;597;785;826;870;894;929;952;967;990;1004;1013;1025;1037;1040;1040;1069;1088;1102;1100;1098;1107;1123;1119;1105;1111;1110;1120;1103;1103;1101
D68 Haut-Rhin;366;493;505;518;534;551;573;574;580;591;591;583;591;593;603;598;601;601;598;598;597;597;603;600;602;597;599;599;605;599
D69 Rhône;1021;1039;1078;1092;1119;1144;1170;1187;1196;1213;1237;1262;1270;1299;1285;1284;1303;1310;1326;1336;1340;1355;1470;1477;1492;1506;1528;1522;1514;1520
D70 Haute-Saône;167;192;193;198;204;207;208;208;211;211;214;219;219;224;226;225;222;221;220;219;217;204;193;182;182;181;181;180;180;176
D71 Saône-et-Loire;357;420;429;448;458;458;465;467;465;471;472;472;477;475;465;442;441;439;444;439;437;431;428;420;416;408;403;392;387;391
D72 Sarthe;319;374;377;398;404;412;416;421;424;431;435;435;436;434;428;427;427;422;416;413;409;413;411;407;404;401;394;390;389;390
D73 Savoie;253;322;332;337;354;369;379;388;397;405;413;409;411;406;405;402;403;404;411;422;424;422;426;419;427;430;437;432;435;440
D74 Haute-Savoie;358;451;456;477;461;477;483;498;555;598;602;610;621;620;633;643;657;666;673;680;682;678;680;680;672;672;673;674;666;680
D75 Paris;2671;2390;2271;1928;2031;2053;2002;2007;2009;1974;1994;2012;2006;1996;1936;1964;1974;1958;1976;1949;1937;1938;1947;1919;1919;1885;1863;1853;1829;1797
D76 Seine-Maritime;770;917;924;941;957;979;1006;1023;1045;1056;1054;1066;1077;1079;1082;1074;1079;1082;1083;1073;1070;1075;1066;1064;1060;1048;1040;1036;1028;1023
D77 Seine-et-Marne;522;692;720;750;795;810;835;853;868;885;880;889;899;898;912;920;936;931;929;922;925;925;873;869;869;866;870;863;855;841
D78 Yvelines;800;849;853;862;879;899;906;924;925;933;939;946;961;973;979;1005;1011;988;1005;995;977;980;987;993;991;994;991;987;972;968
D79 Deux-Sèvres;224;271;278;285;287;294;296;299;301;301;301;301;302;303;302;302;301;309;311;306;307;285;281;277;279;282;271;270;267;260
D80 Somme;349;419;432;454;464;473;481;488;495;491;498;497;504;497;496;500;510;515;511;510;511;512;509;508;509;505;504;498;492;494
D81 Tarn;268;325;327;339;348;352;357;359;365;369;371;365;365;369;361;348;338;333;336;335;339;341;348;347;357;350;344;343;342;343
D82 Tarn-et-Garonne;160;185;188;191;194;195;199;208;209;211;211;209;210;208;208;208;202;211;208;204;204;207;208;208;206;208;205;203;203;202
D83 Var;648;846;867;904;930;954;988;991;994;1019;1024;1026;1037;1035;1024;1019;1014;1025;1037;1034;1042;1036;1027;1038;1045;1031;1021;1016;1010;1014
D84 Vaucluse;366;440;451;464;473;487;504;502;501;509;513;521;521;518;522;529;528;531;534;539;539;542;544;544;540;533;527;519;513;502
D85 Vendée;346;407;415;422;437;442;455;464;470;475;484;487;490;488;490;490;498;500;495;497;502;507;510;505;506;509;504;492;486;489
D86 Vienne;269;316;325;322;336;350;349;351;364;365;371;375;381;377;383;383;384;387;385;391;392;391;382;384;377;374;374;377;373;372
D87 Haute-Vienne;313;350;357;355;369;381;390;388;398;405;408;408;405;400;408;408;412;416;424;430;431;436;441;438;436;427;421;421;419;412
D88 Vosges;271;299;307;312;319;327;333;340;348;348;350;348;349;348;349;353;353;353;346;338;340;338;329;327;327;330;333;329;328;325
D89 Yonne;245;266;264;272;275;282;283;288;289;295;298;297;291;293;296;299;297;294;289;286;291;288;280;275;271;240;237;232;222;215
D90 Territoire de Belfort;91;104;110;115;120;119;124;121;119;120;126;128;132;132;132;132;135;137;137;137;137;134;124;121;116;113;113;112;111;109
D91 Essonne;643;702;720;746;771;804;796;808;811;811;807;837;842;839;859;832;828;830;832;830;825;834;825;831;829;775;773;770;763;761
D92 Hauts-de-Seine;1075;1072;1075;1097;1097;1104;1082;1101;1088;1086;1086;1088;1075;1073;1044;1033;1032;1020;1027;1020;1006;1020;1025;1024;1030;1030;1021;1013;1005;997
D93 Seine-Saint-Denis;885;875;889;912;927;879;882;912;927;947;948;970;969;962;955;942;937;925;912;911;906;905;901;899;900;911;904;890;888;897
D94 Val-de-Marne;876;866;885;902;910;916;918;930;927;940;941;941;946;938;933;934;923;937;934;928;927;926;933;940;921;937;912;890;883;874
D95 Val-d'Oise;598;656;682;700;718;740;752;756;762;768;773;785;793;791;801;804;808;818;815;813;800;804;796;797;802;777;775;764;771;760
D9A Guadeloupe; ; ; ; ; ; ; ; ; ; ; ; ;216;229;230;235;242;248;248;249;249;255;268;268;278;281;279;278;289;287
D9B Martinique; ; ; ; ; ; ; ; ; ; ; ; ;274;238;239;232;242;247;245;248;249;257;259;256;257;260;262;262;253;249
D9C Guyane; ; ; ; ; ; ; ; ; ; ; ; ;68;65;66;63;64;65;61;63;64;64;67;71;78;79;82;91;97;102
D9D Réunion; ; ; ; ; ; ; ; ; ; ; ; ;557;582;617;626;637;654;663;660;682;693;698;713;728;739;748;755;758;770
D9F Mayotte; ; ; ; ; ; ; ; ; ; ; ; ; ; ; ; ; ; ; ; ; ; ; ;13;14;19;20;27;22;20
Légende;;;;;;;;;;;;;;;;;;;;;;;;;;;;;;
b : Rupture de série;;;;;;;;;;;;;;;;;;;;;;;;;;;;;;
;;;;;;;;;;;;;;;;;;;;;;;;;;;;;;
;;;;;;;;;;;;;;;;;;;;;;;;;;;;;;
Eco-Santé France, Régions & Départements - Mise à jour : Avril 2016;http://www.ecosante.fr/index2.php?base=DEPA&langs=FRA&langh=FRA;;;;;;;;;;;;;;;;;;;;;;;;;;;;;
